limit; number_test; number_train; euclid_test; euclid_training; mse_test; mse_training; mae_test; mae_training; accuracy_test; accuracy_training; model_number; data; epochs; batch_size; test_size; val_size; COST_FUNC
80;78;699;217.606;273.967;0.043;0.008;0.165;0.06;0.731;0.888;217.606_273.967.json
80;78;699;258.23;280.217;0.063;0.007;0.197;0.055;0.692;0.897;258.23_280.217.json
80;78;699;269.805;301.456;0.063;0.008;0.204;0.062;0.705;0.885;269.805_301.456.json
80;78;699;222.337;237.337;0.048;0.007;0.169;0.057;0.744;0.894;222.337_237.337.json
80;78;699;253.939;246.622;0.058;0.008;0.189;0.058;0.679;0.891;253.939_246.622.json
80;78;699;211.561;256.834;0.042;0.009;0.156;0.061;0.744;0.889;211.561_256.834.json
80;78;699;228.264;252.05;0.047;0.012;0.169;0.068;0.769;0.879;228.264_252.05.json
80;78;699;262.322;292.903;0.059;0.009;0.197;0.064;0.705;0.882;262.322_292.903.json
80;78;699;227.97;262.776;0.047;0.014;0.17;0.073;0.756;0.871;227.97_262.776.json
80;78;699;230.474;257.777;0.049;0.01;0.171;0.063;0.756;0.885;230.474_257.777.json
80;78;699;239.999;259.526;0.052;0.009;0.181;0.06;0.756;0.89;239.999_259.526.json
80;78;699;225.481;250.352;0.049;0.007;0.169;0.057;0.756;0.895;225.481_250.352.json
80;78;699;226.885;263.962;0.048;0.007;0.168;0.057;0.756;0.892;226.885_263.962.json
80;78;699;235.986;246.979;0.052;0.007;0.18;0.055;0.692;0.898;235.986_246.979.json
80;78;699;237.148;251.705;0.05;0.009;0.182;0.063;0.692;0.892;237.148_251.705.json
80;78;699;230.855;244.544;0.05;0.007;0.175;0.055;0.705;0.897;230.855_244.544.json
80;78;699;250.683;248.782;0.057;0.007;0.181;0.055;0.718;0.899;250.683_248.782.json
80;78;699;202.813;250.479;0.038;0.007;0.153;0.057;0.756;0.891;202.813_250.479.json
80;78;699;244.519;277.227;0.052;0.007;0.181;0.055;0.718;0.896;244.519_277.227.json
80;78;699;221.35;236.057;0.046;0.007;0.164;0.057;0.769;0.891;221.35_236.057.json
80;78;699;221.564;241.814;0.048;0.007;0.167;0.054;0.731;0.888;221.564_241.814.json
80;78;699;234.004;261.177;0.048;0.008;0.174;0.057;0.705;0.887;234.004_261.177.json
80;78;699;251.714;286.675;0.059;0.007;0.193;0.053;0.718;0.894;251.714_286.675.json
80;78;699;221.402;266.104;0.045;0.008;0.162;0.06;0.756;0.881;221.402_266.104.json
80;78;699;226.956;267.799;0.046;0.011;0.167;0.071;0.744;0.862;226.956_267.799.json
80;78;699;254.888;271.234;0.057;0.013;0.19;0.08;0.692;0.848;254.888_271.234.json
80;78;699;214.699;279.629;0.042;0.012;0.158;0.071;0.756;0.863;214.699_279.629.json
80;78;699;196.738;244.653;0.037;0.008;0.151;0.056;0.769;0.887;196.738_244.653.json
80;78;699;220.999;259.749;0.045;0.008;0.164;0.059;0.705;0.89;220.999_259.749.json
80;78;699;213.11;251.087;0.045;0.007;0.165;0.051;0.744;0.895;213.11_251.087.json
80;78;699;240.727;256.603;0.053;0.005;0.182;0.045;0.667;0.903;240.727_256.603.json
80;78;699;262.272;267.445;0.056;0.007;0.199;0.055;0.718;0.891;262.272_267.445.json
80;78;699;295.921;283.262;0.072;0.008;0.228;0.059;0.705;0.893;295.921_283.262.json
80;78;699;243.256;250.411;0.052;0.007;0.179;0.052;0.718;0.894;243.256_250.411.json
80;78;699;234.27;270.379;0.051;0.007;0.179;0.054;0.731;0.891;234.27_270.379.json
80;78;699;194.722;228.321;0.032;0.009;0.144;0.068;0.679;0.837;194.722_228.321.json
80;78;699;230.816;236.895;0.045;0.008;0.17;0.062;0.577;0.848;230.816_236.895.json
80;78;699;206.893;266.96;0.033;0.01;0.144;0.069;0.667;0.831;206.893_266.96.json
80;78;699;205.423;258.402;0.042;0.008;0.142;0.063;0.615;0.846;205.423_258.402.json
80;78;699;255.072;258.958;0.061;0.009;0.184;0.065;0.462;0.842;255.072_258.958.json
80;78;699;194.479;252.103;0.034;0.009;0.143;0.066;0.628;0.839;194.479_252.103.json
80;78;699;188.941;258.042;0.033;0.008;0.136;0.067;0.654;0.834;188.941_258.042.json
80;78;699;191.084;228.874;0.031;0.009;0.136;0.067;0.679;0.838;191.084_228.874.json
80;78;699;231.527;252.986;0.049;0.01;0.171;0.071;0.628;0.833;231.527_252.986.json
80;78;699;245.759;266.905;0.057;0.012;0.185;0.077;0.564;0.823;245.759_266.905.json
80;78;699;245.759;266.905;0.057;0.012;0.185;0.077;0.564;0.823;245.759_266.905.json
80;78;699;182.749;250.18;0.029;0.008;0.136;0.063;0.679;0.848;182.749_250.18.json
80;78;699;232.209;223.677;0.052;0.007;0.17;0.056;0.59;0.859;232.209_223.677.json
80;78;699;174.184;225.195;0.029;0.008;0.127;0.061;0.718;0.848;174.184_225.195.json
80;78;699;197.635;239.411;0.039;0.011;0.147;0.069;0.705;0.834;197.635_239.411.json
80;78;699;204.21;226.766;0.04;0.011;0.153;0.072;0.577;0.829;204.21_226.766.json
80;78;699;174.184;225.195;0.029;0.008;0.127;0.061;0.718;0.848;174.184_225.195.json
80;78;699;180.082;218.042;0.028;0.007;0.128;0.059;0.679;0.854;180.082_218.042.json
80;78;699;228.38;213.716;0.05;0.008;0.162;0.053;0.577;0.87;228.38_213.716.json
80;78;699;170.415;235.698;0.027;0.007;0.127;0.059;0.692;0.851;170.415_235.698.json
80;78;699;217.94;264.654;0.042;0.006;0.166;0.049;0.744;0.904;217.94_264.654.json
80;78;699;168.66;227.328;0.026;0.007;0.124;0.059;0.692;0.852;168.66_227.328.json
80;156;621;219.856;175.749;0.017;0.007;0.102;0.06;0.814;0.859;219.856_175.749.json
80;156;621;281.491;185.595;0.027;0.008;0.126;0.061;0.782;0.867;281.491_185.595.json
80;156;621;222.329;159.031;0.017;0.007;0.101;0.059;0.737;0.859;222.329_159.031.json
80;156;621;229.638;165.951;0.018;0.007;0.105;0.059;0.763;0.858;229.638_165.951.json
80;78;699;183.066;222.815;0.03;0.007;0.138;0.058;0.654;0.851;183.066_222.815.json
80;156;621;222.823;144.624;0.017;0.007;0.101;0.059;0.782;0.857;222.823_144.624.json
80;156;621;230.226;155.516;0.018;0.008;0.104;0.063;0.801;0.853;230.226_155.516.json
80;156;621;270.462;203.414;0.024;0.009;0.125;0.066;0.814;0.847;270.462_203.414.json
80;156;621;284.14;133.998;0.032;0.006;0.131;0.053;0.686;0.872;284.14_133.998.json
80;156;621;277.224;201.589;0.027;0.018;0.124;0.093;0.59;0.803;277.224_201.589.json
80;156;621;239.942;142.755;0.02;0.007;0.107;0.059;0.724;0.859;239.942_142.755.json
80;156;621;216.916;178.873;0.016;0.008;0.099;0.062;0.801;0.853;216.916_178.873.json
80;156;621;237.668;202.841;0.02;0.009;0.114;0.066;0.763;0.846;237.668_202.841.json
80;156;621;224.502;208.953;0.018;0.009;0.107;0.066;0.769;0.846;224.502_208.953.json
80;156;621;260.954;189.763;0.024;0.013;0.118;0.08;0.583;0.827;260.954_189.763.json
80;156;621;226.025;164.403;0.019;0.011;0.107;0.072;0.756;0.838;226.025_164.403.json
80;156;621;255.627;177.295;0.023;0.009;0.119;0.066;0.827;0.848;255.627_177.295.json
80;156;621;250.763;185.587;0.022;0.011;0.117;0.072;0.75;0.838;250.763_185.587.json
80;156;621;242.499;174.234;0.021;0.01;0.114;0.068;0.827;0.845;242.499_174.234.json
80;156;621;249.132;173.97;0.022;0.01;0.118;0.068;0.814;0.845;249.132_173.97.json
80;156;621;258.001;177.054;0.023;0.009;0.121;0.066;0.84;0.848;258.001_177.054.json
80;156;621;205.379;190.832;0.016;0.008;0.096;0.064;0.821;0.851;205.379_190.832.json
80;156;621;226.161;178.563;0.019;0.008;0.106;0.063;0.821;0.851;226.161_178.563.json
80;156;621;222.101;166.674;0.019;0.008;0.103;0.062;0.833;0.854;222.101_166.674.json
80;156;621;228.263;177.578;0.019;0.008;0.107;0.064;0.821;0.851;228.263_177.578.json
80;156;621;219.46;183.854;0.018;0.008;0.104;0.063;0.821;0.85;219.46_183.854.json
80;78;699;177.192;235.631;0.028;0.008;0.13;0.063;0.654;0.838;177.192_235.631.json
80;234;543;258.274;158.195;0.02;0.008;0.106;0.064;0.658;0.845;258.274_158.195.json
80;156;621;301.715;141.954;0.037;0.008;0.156;0.055;0.769;0.891;301.715_141.954.json
80;156;621;224.024;181.502;0.019;0.008;0.105;0.063;0.821;0.85;224.024_181.502.json
80;198;788;366.519;389.042;0.061;0.058;0.201;0.18;0.672;0.537;366.519_389.042.json
80;173;688;395.532;148.581;0.024;0.007;0.126;0.057;0.936;0.957;395.532_148.581.json
80;173;688;351.231;165.678;0.021;0.011;0.117;0.07;0.942;0.942;351.231_165.678.json
80;156;621;224.396;186.256;0.019;0.008;0.106;0.064;0.801;0.85;224.396_186.256.json
80;156;621;204.891;161.531;0.016;0.009;0.096;0.066;0.84;0.849;204.891_161.531.json
80;156;621;200.178;182.908;0.015;0.01;0.092;0.07;0.679;0.85;200.178_182.908.json
80;156;621;209.183;171.167;0.017;0.009;0.099;0.067;0.795;0.845;209.183_171.167.json
100;123;490;207.525;132.636;0.013;0.007;0.096;0.054;0.846;0.883;207.525_132.636.json
100;123;490;195.228;114.735;0.012;0.006;0.091;0.05;0.829;0.89;195.228_114.735.json
100;123;490;189.134;100.243;0.011;0.004;0.087;0.043;0.862;0.899;189.134_100.243.json
100;123;490;184.972;103.712;0.011;0.004;0.085;0.043;0.87;0.899;184.972_103.712.json
100;122;484;121.254;137.228;0.009;0.006;0.069;0.045;0.828;0.923;121.254_137.228.json
80;159;635;390.38;228.033;0.049;0.008;0.169;0.063;0.623;0.859;390.38_228.033.json
80;159;635;331.685;150.311;0.034;0.008;0.133;0.063;0.654;0.858;331.685_150.311.json
80;159;635;270.496;172.111;0.023;0.011;0.12;0.071;0.742;0.848;270.496_172.111.json
80;80;714;172.779;244.113;0.034;0.009;0.135;0.067;0.588;0.898;172.779_244.113.json
80;120;674;179.898;232.959;0.021;0.009;0.116;0.064;0.592;0.903;179.898_232.959.json
80;159;635;253.277;168.866;0.02;0.011;0.112;0.073;0.748;0.849;253.277_168.866.json
80;159;635;247.477;178.472;0.019;0.015;0.11;0.085;0.868;0.835;247.477_178.472.json
80;159;635;258.45;154.716;0.02;0.013;0.111;0.077;0.78;0.842;258.45_154.716.json
80;159;635;321.064;143.077;0.033;0.007;0.127;0.06;0.761;0.86;321.064_143.077.json
80;159;635;285.813;196.157;0.025;0.012;0.126;0.075;0.717;0.842;285.813_196.157.json
80;159;635;368.731;213.408;0.044;0.008;0.16;0.063;0.642;0.86;368.731_213.408.json
90;143;568;226.221;272.912;0.038;0.007;0.148;0.054;0.552;0.916;226.221_272.912.json
100;122;484;121.254;137.228;0.009;0.006;0.069;0.045;0.828;0.923;121.254_137.228.json
100;122;484;105.889;127.15;0.008;0.004;0.06;0.038;0.861;0.897;105.889_127.15.json; rotated
100;122;484;118.106;128.698;0.009;0.003;0.068;0.032;0.861;0.912;118.106_128.698.json; rotated
100;122;484;111.527;121.858;0.007;0.002;0.064;0.029;0.861;0.916;111.527_121.858.json; rotated
100;122;484;107.333;124.413;0.007;0.005;0.061;0.039;0.885;0.894;107.333_124.413.json; rotated
100;152;454;116.795;117.138;0.006;0.004;0.058;0.037;0.875;0.89;116.795_117.138.json; rotated
100;152;454;142.232;126.568;0.009;0.007;0.067;0.045;0.776;0.875;142.232_126.568.json; rotated
100;152;454;122.788;116.583;0.007;0.003;0.06;0.034;0.842;0.894;122.788_116.583.json; rotated
100;152;454;115.753;123.653;0.006;0.003;0.056;0.035;0.822;0.895;115.753_123.653.json;8_rotated;350;150;0.25;0.05
100;152;454;116.795;117.138;0.006;0.004;0.058;0.037;0.875;0.89;116.795_117.138.json;8_rotated;350;250;0.25;0.05
100;152;454;131.586;144.634;0.012;0.006;0.076;0.047;0.816;0.923;131.586_144.634.json;7_filtered;350;250;0.25;0.05
100;122;484;120.693;137.117;0.009;0.006;0.069;0.046;0.828;0.923;120.693_137.117.json;7_filtered;350;250;0.2;0.05
95;167;498;157.313;135.801;0.008;0.006;0.07;0.043;0.754;0.877;157.313_135.801.json;8_rotated;350;250;0.25;0.05
95;133;532;215.422;142.964;0.019;0.007;0.11;0.053;0.662;0.859;215.422_142.964.json;8_rotated;350;250;0.2;0.05
95;133;532;201.45;130.811;0.015;0.006;0.103;0.042;0.669;0.883;201.45_130.811.json;8_rotated;350;250;0.2;0.2
95;133;532;202.187;157.96;0.017;0.027;0.104;0.09;0.654;0.804;202.187_157.96.json;8_rotated;50;250;0.2;0.2
95;133;532;192.714;133.575;0.015;0.007;0.098;0.044;0.684;0.877;192.714_133.575.json;8_rotated;350;400;0.2;0.05
80;159;635;265.325;276.273;0.029;0.007;0.15;0.055;0.692;0.838;265.325_276.273.json;8_rotated;350;250;0.2;0.05
80;159;635;279.356;148.757;0.025;0.009;0.122;0.067;0.704;0.853;279.356_148.757.json;7_filtered;350;400;0.2;0.05
80;159;635;379.739;219.282;0.046;0.008;0.164;0.063;0.642;0.859;379.739_219.282.json;7_filtered;350;250;0.2;0.05
100;152;454;122.993;122.2;0.007;0.004;0.062;0.037;0.862;0.89;122.993_122.2.json;8_rotated;350;250;0.25;0.05
100;152;454;128.312;122.805;0.007;0.004;0.065;0.037;0.868;0.89;128.312_122.805.json;8_rotated;350;250;0.25;0.05
100;152;454;118.599;116.581;0.007;0.004;0.059;0.037;0.862;0.89;118.599_116.581.json;8_rotated;350;250;0.25;0.05
40;221;663;514.951;329.398;0.042;0.021;0.162;0.102;0.457;0.715;514.951_329.398.json;8_20_rotated;350;250;0.25;0.05
60;219;654;447.788;258.929;0.032;0.013;0.139;0.078;0.708;0.778;447.788_258.929.json;8_20_rotated;350;250;0.25;0.05
70;210;627;317.584;221.941;0.015;0.011;0.093;0.071;0.776;0.856;317.584_221.941.json;8_20_rotated;350;250;0.25;0.05
80;199;595;293.444;166.642;0.013;0.007;0.085;0.055;0.759;0.877;293.444_166.642.json;8_20_rotated;350;250;0.25;0.05
90;178;533;221.255;207.249;0.008;0.009;0.068;0.063;0.815;0.828;221.255_207.249.json;8_20_rotated;350;250;0.25;0.05
100;152;454;213.281;165.266;0.007;0.005;0.071;0.043;0.757;0.913;213.281_165.266.json;8_20_rotated;350;250;0.25;0.05
40;221;663;432.951;428.476;0.03;0.037;0.137;0.134;0.701;0.671;432.951_428.476.json;8_40_rotated;350;250;0.25;0.05
60;219;654;331.715;293.837;0.018;0.012;0.103;0.073;0.795;0.84;331.715_293.837.json;8_40_rotated;350;250;0.25;0.05
70;210;627;354.215;230.982;0.019;0.009;0.106;0.062;0.743;0.865;354.215_230.982.json;8_40_rotated;350;250;0.25;0.05
80;199;595;277.97;241.365;0.017;0.007;0.093;0.053;0.789;0.886;277.97_241.365.json;8_40_rotated;350;250;0.25;0.05
90;178;533;417.566;192.955;0.031;0.008;0.147;0.059;0.775;0.857;417.566_192.955.json;8_40_rotated;350;250;0.25;0.05
100;152;454;254.855;234.053;0.011;0.005;0.087;0.042;0.77;0.898;254.855_234.053.json;8_40_rotated;350;250;0.25;0.05
40;221;663;393.526;318.279;0.028;0.016;0.131;0.089;0.652;0.715;393.526_318.279.json;8_60_rotated;350;250;0.25;0.05
60;219;654;345.96;201.405;0.03;0.011;0.137;0.068;0.808;0.836;345.96_201.405.json;8_60_rotated;350;250;0.25;0.05
70;210;627;444.057;310.554;0.038;0.009;0.162;0.061;0.6;0.881;444.057_310.554.json;8_60_rotated;350;250;0.25;0.05
80;199;595;323.53;260.169;0.02;0.006;0.102;0.051;0.789;0.881;323.53_260.169.json;8_60_rotated;350;250;0.25;0.05
90;178;533;293.286;227.623;0.015;0.006;0.102;0.051;0.775;0.893;293.286_227.623.json;8_60_rotated;350;250;0.25;0.05
100;152;454;172.757;213.544;0.006;0.004;0.066;0.037;0.941;0.911;172.757_213.544.json;8_60_rotated;350;250;0.25;0.05
40;221;662;354.649;257.131;0.033;0.015;0.146;0.086;0.805;0.861;354.649_257.131.json;8_70_rotated;350;250;0.25;0.05
60;219;654;291.333;192.808;0.028;0.011;0.131;0.069;0.726;0.877;291.333_192.808.json;8_70_rotated;350;250;0.25;0.05
70;210;627;228.42;199.205;0.018;0.009;0.104;0.064;0.819;0.893;228.42_199.205.json;8_70_rotated;350;250;0.25;0.05
80;199;595;208.233;164.936;0.016;0.005;0.093;0.047;0.814;0.923;208.233_164.936.json;8_70_rotated;350;250;0.25;0.05
90;178;533;180.134;149.343;0.009;0.008;0.072;0.056;0.848;0.911;180.134_149.343.json;8_70_rotated;350;250;0.25;0.05
100;152;454;209.107;225.033;0.01;0.005;0.088;0.039;0.678;0.909;209.107_225.033.json;8_70_rotated;350;250;0.25;0.05
40;219;654;216.137;206.067;0.016;0.022;0.091;0.087;0.694;0.838;216.137_206.067.json;8_80_rotated;350;250;0.25;0.05
60;219;654;221.134;203.468;0.018;0.01;0.106;0.066;0.772;0.831;221.134_203.468.json;8_80_rotated;350;250;0.25;0.05
70;210;627;225.502;185.593;0.024;0.007;0.118;0.056;0.686;0.85;225.502_185.593.json;8_80_rotated;350;250;0.25;0.05
80;199;595;237.162;247.609;0.024;0.008;0.12;0.056;0.729;0.82;237.162_247.609.json;8_80_rotated;350;250;0.25;0.05
90;178;533;200.892;249.545;0.023;0.006;0.126;0.052;0.551;0.857;200.892_249.545.json;8_80_rotated;350;250;0.25;0.05
100;152;454;137.775;162.966;0.01;0.005;0.082;0.04;0.638;0.879;137.775_162.966.json;8_80_rotated;350;250;0.25;0.05
40;210;627;227.379;180.615;0.041;0.017;0.172;0.083;0.633;0.764;227.379_180.615.json;8_90_rotated;350;250;0.25;0.05
60;210;627;275.518;156.891;0.053;0.01;0.203;0.067;0.633;0.786;275.518_156.891.json;8_90_rotated;350;250;0.25;0.05
70;210;627;200.99;256.174;0.022;0.011;0.125;0.069;0.705;0.707;200.99_256.174.json;8_90_rotated;350;250;0.25;0.05
80;199;595;234.302;181.505;0.03;0.009;0.136;0.06;0.618;0.819;234.302_181.505.json;8_90_rotated;350;250;0.25;0.05
90;178;533;256.089;221.586;0.039;0.01;0.173;0.069;0.618;0.783;256.089_221.586.json;8_90_rotated;350;250;0.25;0.05
100;152;454;132.123;106.272;0.018;0.005;0.103;0.044;0.645;0.863;132.123_106.272.json;8_90_rotated;350;250;0.25;0.05
30;199;595;176.758;158.991;0.034;0.015;0.155;0.08;0.834;0.697;176.758_158.991.json;8_100_rotated;350;250;0.25;0.05
40;199;595;183.592;168.559;0.055;0.01;0.19;0.067;0.362;0.78;183.592_168.559.json;8_100_rotated;350;250;0.25;0.05
10;199;595;178.503;172.012;0.036;0.029;0.157;0.108;0.834;0.664;178.503_172.012.json;8_100_rotated;350;250;0.25;0.05
20;199;595;185.082;178.587;0.053;0.014;0.19;0.078;0.362;0.75;185.082_178.587.json;8_100_rotated;350;250;0.25;0.05
30;199;595;185.532;191.318;0.038;0.015;0.168;0.08;0.382;0.653;185.532_191.318.json;8_100_rotated;350;250;0.25;0.05
40;199;595;267.851;254.533;0.071;0.012;0.239;0.072;0.291;0.691;267.851_254.533.json;8_100_rotated;350;250;0.25;0.05
50;199;595;374.496;267.14;0.125;0.01;0.324;0.068;0.377;0.887;374.496_267.14.json;8_100_rotated;350;250;0.25;0.05
60;199;595;272.698;235.482;0.098;0.01;0.277;0.065;0.116;0.789;272.698_235.482.json;8_100_rotated;350;250;0.25;0.05
70;199;595;259.109;226.568;0.068;0.008;0.206;0.061;0.312;0.792;259.109_226.568.json;8_100_rotated;350;250;0.25;0.05
80;199;595;294.669;289.564;0.084;0.007;0.258;0.054;0.312;0.812;294.669_289.564.json;8_100_rotated;350;250;0.25;0.05
90;178;533;256.521;169.932;0.064;0.01;0.221;0.068;0.551;0.851;256.521_169.932.json;8_100_rotated;350;250;0.25;0.05
100;152;454;111.805;80.292;0.017;0.006;0.105;0.047;0.724;0.834;111.805_80.292.json;8_100_rotated;350;250;0.25;0.05
10;178;533;200.606;199.032;0.08;0.025;0.254;0.098;0.287;0.677;200.606_199.032.json;8_110_rotated;350;250;0.25;0.05
20;178;533;398.29;453.292;0.113;0.036;0.286;0.13;0.011;0.64;398.29_453.292.json;8_110_rotated;350;250;0.25;0.05
30;178;533;376.093;368.537;0.09;0.016;0.263;0.09;0.264;0.597;376.093_368.537.json;8_110_rotated;350;250;0.25;0.05
40;178;533;329.633;406.577;0.089;0.019;0.255;0.097;0.236;0.635;329.633_406.577.json;8_110_rotated;350;250;0.25;0.05
50;178;533;350.879;363.068;0.08;0.02;0.232;0.095;0.152;0.714;350.879_363.068.json;8_110_rotated;350;250;0.25;0.05
60;178;533;168.823;164.788;0.063;0.012;0.204;0.073;0.365;0.741;168.823_164.788.json;8_110_rotated;350;250;0.25;0.05
70;178;533;370.013;382.276;0.096;0.013;0.262;0.08;0.562;0.679;370.013_382.276.json;8_110_rotated;350;250;0.25;0.05
80;178;533;150.537;127.845;0.048;0.009;0.184;0.061;0.461;0.78;150.537_127.845.json;8_110_rotated;350;250;0.25;0.05
90;178;533;233.686;172.054;0.073;0.009;0.233;0.064;0.528;0.796;233.686_172.054.json;8_110_rotated;350;250;0.25;0.05
100;152;454;130.806;131.331;0.041;0.008;0.17;0.052;0.599;0.907;130.806_131.331.json;8_110_rotated;350;250;0.25;0.05
10;152;454;234.07;228.846;0.175;0.018;0.34;0.086;0.211;0.787;234.07_228.846.json;8_120_rotated;350;250;0.25;0.05
20;152;454;253.788;202.939;0.075;0.018;0.243;0.087;0.559;0.853;253.788_202.939.json;8_120_rotated;350;250;0.25;0.05
30;152;454;489.547;400.808;0.278;0.024;0.479;0.103;0.105;0.597;489.547_400.808.json;8_120_rotated;350;250;0.25;0.05
40;152;454;182.718;160.487;0.082;0.01;0.234;0.066;0.336;0.889;182.718_160.487.json;8_120_rotated;350;250;0.25;0.05
50;152;454;249.797;169.574;0.152;0.012;0.32;0.069;0.086;0.883;249.797_169.574.json;8_120_rotated;350;250;0.25;0.05
60;152;454;164.62;156.359;0.078;0.01;0.235;0.063;0.336;0.884;164.62_156.359.json;8_120_rotated;350;250;0.25;0.05
70;152;454;284.041;370.699;0.069;0.011;0.21;0.073;0.362;0.706;284.041_370.699.json;8_120_rotated;350;250;0.25;0.05
80;152;454;160.264;144.878;0.045;0.009;0.179;0.06;0.632;0.81;160.264_144.878.json;8_120_rotated;350;250;0.25;0.05
90;152;454;176.794;147.213;0.123;0.009;0.264;0.058;0.184;0.806;176.794_147.213.json;8_120_rotated;350;250;0.25;0.05
100;152;454;237.344;167.356;0.145;0.005;0.333;0.043;0.197;0.958;237.344_167.356.json;8_120_rotated;350;250;0.25;0.05
10;123;369;203.303;170.479;0.075;0.02;0.236;0.089;0.715;0.893;203.303_170.479.json;8_130_rotated;350;250;0.25;0.05
20;123;369;390.633;387.509;0.197;0.025;0.394;0.11;0.098;0.73;390.633_387.509.json;8_130_rotated;350;250;0.25;0.05
30;123;369;299.807;329.935;0.102;0.023;0.282;0.104;0.187;0.606;299.807_329.935.json;8_130_rotated;350;250;0.25;0.05
40;123;369;176.517;147.067;0.121;0.014;0.285;0.071;0.463;0.898;176.517_147.067.json;8_130_rotated;350;250;0.25;0.05
50;123;369;166.67;157.029;0.124;0.01;0.29;0.061;0.358;0.99;166.67_157.029.json;8_130_rotated;350;250;0.25;0.05
60;123;369;140.857;146.54;0.211;0.009;0.389;0.057;0.081;0.99;140.857_146.54.json;8_130_rotated;350;250;0.25;0.05
70;123;369;126.151;129.351;0.066;0.009;0.219;0.056;0.472;0.987;126.151_129.351.json;8_130_rotated;350;250;0.25;0.05
80;123;369;122.943;117.165;0.121;0.006;0.29;0.049;0.423;0.99;122.943_117.165.json;8_130_rotated;350;250;0.25;0.05
90;123;369;164.791;123.225;0.186;0.005;0.375;0.045;0.138;0.992;164.791_123.225.json;8_130_rotated;350;250;0.25;0.05
100;123;369;119.812;188.061;0.173;0.005;0.343;0.046;0.333;0.905;119.812_188.061.json;8_130_rotated;350;250;0.25;0.05
5;221;663;568.288;510.295;0.052;0.06;0.182;0.186;0.398;0.534;568.288_510.295.json;8_20_rotated;350;250;0.25;0.05
10;221;663;508.314;492.216;0.042;0.044;0.165;0.162;0.538;0.486;508.314_492.216.json;8_20_rotated;350;250;0.25;0.05
20;221;663;497.603;438.858;0.042;0.037;0.158;0.145;0.543;0.619;497.603_438.858.json;8_20_rotated;350;250;0.25;0.05
30;221;663;442.853;369.541;0.035;0.025;0.143;0.114;0.57;0.69;442.853_369.541.json;8_20_rotated;350;250;0.25;0.05
5;221;663;453.58;476.941;0.04;0.125;0.157;0.29;0.602;0.618;453.58_476.941.json;8_40_rotated;350;250;0.25;0.05
10;221;663;438.974;410.765;0.033;0.102;0.136;0.225;0.624;0.626;438.974_410.765.json;8_40_rotated;350;250;0.25;0.05
20;221;663;479.633;449.385;0.04;0.055;0.154;0.163;0.652;0.631;479.633_449.385.json;8_40_rotated;350;250;0.25;0.05
30;221;663;500.21;320.499;0.046;0.022;0.168;0.106;0.557;0.727;500.21_320.499.json;8_40_rotated;350;250;0.25;0.05
5;221;663;332.635;341.422;0.026;0.12;0.126;0.276;0.104;0.257;332.635_341.422.json;8_60_rotated;350;250;0.25;0.05
10;221;663;318.296;318.508;0.029;0.039;0.131;0.137;0.765;0.732;318.296_318.508.json;8_60_rotated;350;250;0.25;0.05
20;221;663;401.538;323.994;0.042;0.019;0.164;0.097;0.548;0.777;401.538_323.994.json;8_60_rotated;350;250;0.25;0.05
30;221;663;524.042;321.618;0.057;0.024;0.21;0.109;0.48;0.763;524.042_321.618.json;8_60_rotated;350;250;0.25;0.05
5;221;662;254.925;256.413;0.026;0.019;0.115;0.098;0.697;0.868;254.925_256.413.json;8_70_rotated;350;250;0.25;0.05
10;221;662;291.094;309.309;0.029;0.024;0.134;0.106;0.602;0.828;291.094_309.309.json;8_70_rotated;350;250;0.25;0.05
20;221;662;296.774;272.479;0.035;0.018;0.144;0.093;0.584;0.853;296.774_272.479.json;8_70_rotated;350;250;0.25;0.05
30;221;662;242.711;264.534;0.018;0.021;0.097;0.099;0.891;0.731;242.711_264.534.json;8_70_rotated;350;250;0.25;0.05
5;219;654;228.216;211.575;0.026;0.072;0.121;0.163;0.562;0.547;228.216_211.575.json;8_80_rotated;350;250;0.25;0.05
10;219;654;242.192;197.236;0.024;0.014;0.111;0.083;0.836;0.813;242.192_197.236.json;8_80_rotated;350;250;0.25;0.05
20;219;654;233.04;257.912;0.022;0.012;0.115;0.075;0.858;0.691;233.04_257.912.json;8_80_rotated;350;250;0.25;0.05
30;219;654;268.262;227.698;0.022;0.016;0.114;0.083;0.79;0.737;268.262_227.698.json;8_80_rotated;350;250;0.25;0.05
5;210;627;230.832;230.986;0.032;0.078;0.146;0.21;0.538;0.375;230.832_230.986.json;8_90_rotated;350;250;0.25;0.05
10;210;627;244.561;224.696;0.039;0.018;0.167;0.089;0.476;0.802;244.561_224.696.json;8_90_rotated;350;250;0.25;0.05
20;210;627;262.937;262.105;0.048;0.025;0.171;0.101;0.333;0.824;262.937_262.105.json;8_90_rotated;350;250;0.25;0.05
30;210;627;243.886;221.293;0.042;0.018;0.176;0.084;0.39;0.803;243.886_221.293.json;8_90_rotated;350;250;0.25;0.05
5;199;595;350.501;335.249;0.072;0.115;0.246;0.243;0.045;0.341;350.501_335.249.json;8_100_rotated;350;250;0.25;0.05
10;199;595;385.34;413.84;0.088;0.027;0.24;0.107;0.035;0.603;385.34_413.84.json;8_100_rotated;350;250;0.25;0.05
20;199;595;304.376;236.057;0.051;0.016;0.2;0.087;0.231;0.585;304.376_236.057.json;8_100_rotated;350;250;0.25;0.05
30;199;595;193.303;175.962;0.05;0.015;0.182;0.077;0.382;0.741;193.303_175.962.json;8_100_rotated;350;250;0.25;0.05
5;178;533;402.987;404.915;0.122;0.101;0.293;0.233;0.006;0.363;402.987_404.915.json;8_110_rotated;350;250;0.25;0.05
10;178;533;185.246;172.686;0.07;0.02;0.229;0.091;0.438;0.719;185.246_172.686.json;8_110_rotated;350;250;0.25;0.05
20;178;533;425.828;435.421;0.151;0.033;0.334;0.116;0.079;0.653;425.828_435.421.json;8_110_rotated;350;250;0.25;0.05
30;178;533;205.134;225.606;0.103;0.023;0.278;0.095;0.202;0.596;205.134_225.606.json;8_110_rotated;350;250;0.25;0.05
5;152;454;368.891;367.197;0.105;0.034;0.276;0.129;0.007;0.5;368.891_367.197.json;8_120_rotated;350;250;0.25;0.05
10;152;454;163.739;159.882;0.094;0.021;0.273;0.089;0.421;0.851;163.739_159.882.json;8_120_rotated;350;250;0.25;0.05
20;152;454;331.269;359.11;0.085;0.039;0.241;0.127;0.572;0.597;331.269_359.11.json;8_120_rotated;350;250;0.25;0.05
30;152;454;165.081;160.7;0.087;0.019;0.25;0.083;0.368;0.859;165.081_160.7.json;8_120_rotated;350;250;0.25;0.05
5;123;369;184.021;180.459;0.169;0.02;0.34;0.086;0.146;0.957;184.021_180.459.json;8_130_rotated;350;250;0.25;0.05
10;123;369;158.494;166.793;0.129;0.052;0.306;0.153;0.358;0.939;158.494_166.793.json;8_130_rotated;350;250;0.25;0.05
20;123;369;181.625;179.596;0.178;0.018;0.361;0.08;0.171;0.9;181.625_179.596.json;8_130_rotated;350;250;0.25;0.05
30;123;369;144.607;147.17;0.084;0.014;0.252;0.072;0.512;0.958;144.607_147.17.json;8_130_rotated;350;250;0.25;0.05
5;87;258;219.739;231.94;0.196;0.112;0.401;0.205;0.23;0.717;219.739_231.94.json;8_140_rotated;350;250;0.25;0.05
10;87;258;173.207;186.647;0.196;0.087;0.344;0.17;0.046;0.636;173.207_186.647.json;8_140_rotated;350;250;0.25;0.05
20;87;258;139.425;141.004;0.124;0.014;0.306;0.067;0.448;0.983;139.425_141.004.json;8_140_rotated;350;250;0.25;0.05
30;87;258;337.673;344.331;0.162;0.026;0.313;0.11;0.046;0.857;337.673_344.331.json;8_140_rotated;350;250;0.25;0.05
5;22;63;167.145;160.647;0.302;0.104;0.496;0.198;0.045;0.945;167.145_160.647.json;8_150_rotated;350;250;0.25;0.05
10;22;63;132.652;171.539;0.376;0.041;0.545;0.123;0.182;0.966;132.652_171.539.json;8_150_rotated;350;250;0.25;0.05
20;22;63;173.904;150.564;0.38;0.029;0.551;0.093;0.136;0.952;173.904_150.564.json;8_150_rotated;350;250;0.25;0.05
30;22;63;151.425;158.651;0.268;0.027;0.437;0.088;0.091;0.961;151.425_158.651.json;8_150_rotated;350;250;0.25;0.05
3;221;663;139.944;139.651;0.019;0.011;0.069;0.052;1.0;1.0;139.944_139.651.json;8_endpoint_rotated;350;250;0.25;0.05
5;221;663;172.766;178.934;0.016;0.035;0.061;0.088;1.0;0.984;172.766_178.934.json;8_endpoint_rotated;350;250;0.25;0.05
10;221;663;163.352;145.788;0.024;0.012;0.073;0.053;1.0;1.0;163.352_145.788.json;8_endpoint_rotated;350;250;0.25;0.05
15;221;663;144.784;137.15;0.023;0.014;0.073;0.058;1.0;0.998;144.784_137.15.json;8_endpoint_rotated;350;250;0.25;0.05
20;221;663;136.694;125.427;0.02;0.01;0.069;0.05;1.0;0.996;136.694_125.427.json;8_endpoint_rotated;350;250;0.25;0.05
30;221;663;166.372;129.725;0.024;0.01;0.083;0.051;1.0;0.999;166.372_129.725.json;8_endpoint_rotated;350;250;0.25;0.05
40;221;663;114.142;125.809;0.012;0.012;0.05;0.048;1.0;0.996;114.142_125.809.json;8_endpoint_rotated;350;250;0.25;0.05
50;221;662;218.474;133.406;0.023;0.013;0.083;0.056;1.0;0.997;218.474_133.406.json;8_endpoint_rotated;350;250;0.25;0.05
60;219;654;134.342;164.647;0.011;0.009;0.062;0.052;1.0;1.0;134.342_164.647.json;8_endpoint_rotated;350;250;0.25;0.05
70;210;627;139.01;122.92;0.019;0.005;0.074;0.037;1.0;0.999;139.01_122.92.json;8_endpoint_rotated;350;250;0.25;0.05
80;199;595;102.901;90.465;0.01;0.005;0.056;0.037;1.0;0.998;102.901_90.465.json;8_endpoint_rotated;350;250;0.25;0.05
90;178;533;93.538;82.146;0.004;0.006;0.036;0.041;1.0;0.999;93.538_82.146.json;8_endpoint_rotated;350;250;0.25;0.05
100;152;454;90.812;98.233;0.008;0.004;0.047;0.03;1.0;0.998;90.812_98.233.json;8_endpoint_rotated;350;250;0.25;0.05
10;221;663;576.146;542.957;0.049;0.052;0.179;0.175;0.353;0.452;576.146_542.957.json;8_10_rotated;350;250;0.25;0.05
20;221;663;548.847;442.49;0.045;0.031;0.171;0.134;0.507;0.589;548.847_442.49.json;8_10_rotated;350;250;0.25;0.05
30;221;663;472.509;406.927;0.037;0.026;0.152;0.117;0.656;0.699;472.509_406.927.json;8_10_rotated;350;250;0.25;0.05
40;221;663;462.537;372.41;0.036;0.021;0.151;0.107;0.575;0.731;462.537_372.41.json;8_10_rotated;350;250;0.25;0.05
50;221;662;485.388;320.593;0.034;0.017;0.145;0.095;0.615;0.775;485.388_320.593.json;8_10_rotated;350;250;0.25;0.05
60;219;654;370.795;259.362;0.022;0.013;0.115;0.082;0.776;0.804;370.795_259.362.json;8_10_rotated;350;250;0.25;0.05
70;210;627;427.841;280.879;0.029;0.009;0.128;0.065;0.771;0.843;427.841_280.879.json;8_10_rotated;350;250;0.25;0.05
80;199;595;216.599;223.006;0.008;0.008;0.068;0.058;0.905;0.863;216.599_223.006.json;8_10_rotated;350;250;0.25;0.05
90;178;533;316.367;211.995;0.013;0.009;0.096;0.064;0.646;0.851;316.367_211.995.json;8_10_rotated;350;250;0.25;0.05
100;152;454;196.43;209.567;0.007;0.007;0.061;0.052;0.855;0.87;196.43_209.567.json;8_10_rotated;350;250;0.25;0.05
30;221;663;520.319;403.82;0.042;0.029;0.165;0.126;0.502;0.707;520.319_403.82.json;8_30_rotated;350;250;0.25;0.05
40;221;663;423.993;335.487;0.031;0.019;0.133;0.095;0.733;0.76;423.993_335.487.json;8_30_rotated;350;250;0.25;0.05
50;221;662;585.32;297.625;0.055;0.014;0.194;0.081;0.452;0.806;585.32_297.625.json;8_30_rotated;350;250;0.25;0.05
60;219;654;503.575;245.287;0.039;0.013;0.155;0.075;0.708;0.833;503.575_245.287.json;8_30_rotated;350;250;0.25;0.05
70;210;627;275.505;198.769;0.011;0.013;0.082;0.071;0.79;0.857;275.505_198.769.json;8_30_rotated;350;250;0.25;0.05
80;199;595;276.439;212.813;0.012;0.008;0.085;0.057;0.744;0.88;276.439_212.813.json;8_30_rotated;350;250;0.25;0.05
90;178;533;195.438;253.614;0.007;0.008;0.066;0.058;0.888;0.868;195.438_253.614.json;8_30_rotated;350;250;0.25;0.05
100;152;454;202.111;178.656;0.008;0.006;0.067;0.043;0.783;0.918;202.111_178.656.json;8_30_rotated;350;250;0.25;0.05
50;221;662;392.721;319.381;0.032;0.018;0.136;0.091;0.765;0.737;392.721_319.381.json;8_50_rotated;350;250;0.25;0.05
60;219;654;302.687;261.835;0.017;0.013;0.102;0.073;0.808;0.857;302.687_261.835.json;8_50_rotated;350;250;0.25;0.05
70;210;627;245.508;205.559;0.013;0.009;0.081;0.06;0.8;0.877;245.508_205.559.json;8_50_rotated;350;250;0.25;0.05
80;199;595;316.89;137.51;0.018;0.006;0.099;0.052;0.819;0.887;316.89_137.51.json;8_50_rotated;350;250;0.25;0.05
90;178;533;256.945;177.894;0.012;0.009;0.09;0.058;0.77;0.884;256.945_177.894.json;8_50_rotated;350;250;0.25;0.05
100;152;454;198.465;145.109;0.008;0.004;0.074;0.038;0.882;0.926;198.465_145.109.json;8_50_rotated;350;250;0.25;0.05
75;206;615;250.199;252.319;0.011;0.01;0.082;0.067;0.835;0.839;250.199_252.319.json;8_20_rotated;350;250;0.25;0.05
85;191;570;243.094;175.467;0.011;0.007;0.077;0.055;0.764;0.872;243.094_175.467.json;8_20_rotated;350;250;0.25;0.05
65;215;643;541.322;267.711;0.049;0.013;0.185;0.078;0.535;0.801;541.322_267.711.json;8_20_rotated;350;250;0.25;0.05
75;206;615;291.063;224.043;0.018;0.007;0.098;0.055;0.757;0.875;291.063_224.043.json;8_40_rotated;350;250;0.25;0.05
85;191;570;371.545;173.449;0.021;0.006;0.117;0.049;0.738;0.889;371.545_173.449.json;8_40_rotated;350;250;0.25;0.05
65;215;643;321.256;301.676;0.019;0.011;0.107;0.068;0.679;0.846;321.256_301.676.json;8_40_rotated;350;250;0.25;0.05
75;206;615;357.541;220.716;0.023;0.009;0.123;0.057;0.825;0.886;357.541_220.716.json;8_50_rotated;350;250;0.25;0.05
85;191;570;174.568;245.45;0.008;0.007;0.057;0.053;0.88;0.901;174.568_245.45.json;8_50_rotated;350;250;0.25;0.05
65;215;643;251.714;213.11;0.014;0.012;0.084;0.067;0.833;0.854;251.714_213.11.json;8_50_rotated;350;250;0.25;0.05
75;206;615;194.496;181.751;0.01;0.006;0.07;0.049;0.835;0.885;194.496_181.751.json;8_60_rotated;350;250;0.25;0.05
85;191;570;165.071;163.123;0.007;0.007;0.058;0.048;0.817;0.901;165.071_163.123.json;8_60_rotated;350;250;0.25;0.05
65;215;643;387.193;250.542;0.043;0.009;0.152;0.06;0.595;0.881;387.193_250.542.json;8_60_rotated;350;250;0.25;0.05
75;206;615;162.105;144.722;0.011;0.006;0.073;0.05;0.777;0.905;162.105_144.722.json;8_70_rotated;350;250;0.25;0.05
85;191;570;132.449;133.268;0.007;0.006;0.057;0.045;0.88;0.922;132.449_133.268.json;8_70_rotated;350;250;0.25;0.05
85;191;570;142.738;101.975;0.009;0.007;0.068;0.048;0.785;0.867;142.738_101.975.json;8_80_rotated;350;250;0.25;0.05
80;199;595;230.826;190.706;0.013;0.006;0.094;0.05;0.819;0.884;230.826_190.706.json;8_70_rotated;350;250;0.25;0.05
75;206;615;310.316;151.737;0.024;0.008;0.119;0.054;0.786;0.907;310.316_151.737.json;8_70_rotated;350;250;0.25;0.05
77;203;608;185.693;193.061;0.011;0.007;0.078;0.049;0.862;0.91;185.693_193.061.json;8_70_rotated;350;250;0.25;0.05
79;200;597;272.436;238.034;0.021;0.008;0.111;0.052;0.655;0.864;272.436_238.034.json;8_70_rotated;350;250;0.25;0.05
81;197;590;264.802;191.991;0.021;0.007;0.123;0.052;0.868;0.867;264.802_191.991.json;8_70_rotated;350;250;0.25;0.05
83;195;584;265.387;207.588;0.017;0.006;0.104;0.048;0.8;0.878;265.387_207.588.json;8_70_rotated;350;250;0.25;0.05
75;83;738;229.376;204.324;0.029;0.007;0.12;0.052;0.53;0.907;229.376_204.324.json;8_70_rotated;350;250;0.1;0.05
85;77;684;136.518;164.318;0.008;0.005;0.063;0.043;0.766;0.923;136.518_164.318.json;8_70_rotated;350;250;0.1;0.05
75;206;615;310.316;151.737;0.024;0.008;0.119;0.054;0.786;0.907;310.316_151.737.json;8_70_rotated;350;250;0.25;0.05
75;206;615;310.316;151.737;0.024;0.008;0.119;0.054;0.786;0.907;310.316_151.737.json;8_70_rotated;350;250;0.25;0.05
85;191;570;132.501;134.202;0.005;0.006;0.049;0.048;0.932;0.872;132.501_134.202.json;8_70_rotated;350;250;0.25;0.05
75;206;615;306.987;149.241;0.023;0.008;0.118;0.054;0.786;0.907;306.987_149.241.json;8_70_rotated;350;250;0.25;0.05
70;210;627;278.473;207.74;0.024;0.008;0.116;0.06;0.71;0.898;278.473_207.74.json;8_70_rotated;350;250;0.25;0.05
85;191;570;133.147;131.387;0.005;0.006;0.049;0.048;0.932;0.873;133.147_131.387.json;8_70_rotated;350;250;0.25;0.05
85;191;570;160.187;157.416;0.006;0.005;0.06;0.046;0.932;0.887;160.187_157.416.json;8_70_rotated;350;250;0.25;0.05
85;191;570;159.645;157.972;0.006;0.005;0.06;0.046;0.932;0.887;159.645_157.972.json;8_70_rotated;350;250;0.25;0.05
85;191;570;131.505;132.194;0.005;0.006;0.048;0.048;0.927;0.872;131.505_132.194.json;8_70_rotated;350;250;0.25;0.05
85;191;570;154.984;164.908;0.006;0.005;0.058;0.044;0.937;0.881;154.984_164.908.json;8_70_rotated;550;250;0.25;0.05
85;191;570;168.108;140.41;0.008;0.004;0.063;0.039;0.921;0.892;168.108_140.41.json;8_70_rotated;1050;250;0.25;0.05
85;77;684;280.336;323.204;0.024;0.005;0.126;0.045;0.896;0.893;280.336_323.204.json;8_70_rotated;200;30;0.1;0.05
85;153;608;204.969;226.43;0.013;0.005;0.092;0.047;0.771;0.89;204.969_226.43.json;8_70_rotated;200;30;0.2;0.05
85;191;570;174.899;160.022;0.009;0.005;0.075;0.048;0.88;0.933;174.899_160.022.json;8_70_rotated;200;30;0.25;0.05
85;77;684;137.762;152.7;0.009;0.005;0.065;0.043;0.74;0.938;137.762_152.7.json;8_70_rotated;200;100;0.1;0.05
85;153;608;194.958;210.613;0.011;0.005;0.082;0.044;0.902;0.895;194.958_210.613.json;8_70_rotated;200;100;0.2;0.05
85;191;570;209.312;205.279;0.011;0.006;0.087;0.048;0.937;0.883;209.312_205.279.json;8_70_rotated;200;100;0.25;0.05
85;77;684;130.03;127.328;0.008;0.006;0.067;0.048;0.896;0.923;130.03_127.328.json;8_70_rotated;200;150;0.1;0.05
85;153;608;224.168;217.405;0.013;0.007;0.091;0.051;0.908;0.868;224.168_217.405.json;8_70_rotated;200;150;0.2;0.05
85;191;570;280.178;246.777;0.025;0.008;0.138;0.051;0.613;0.915;280.178_246.777.json;8_70_rotated;200;150;0.25;0.05
85;77;684;197.53;226.452;0.016;0.007;0.1;0.05;0.688;0.916;197.53_226.452.json;8_70_rotated;200;200;0.1;0.05
85;153;608;140.4;184.938;0.007;0.008;0.056;0.051;0.876;0.92;140.4_184.938.json;8_70_rotated;200;200;0.2;0.05
85;191;570;164.604;181.562;0.009;0.007;0.074;0.048;0.806;0.917;164.604_181.562.json;8_70_rotated;200;200;0.25;0.05
85;77;684;219.564;131.718;0.019;0.008;0.1;0.051;0.766;0.915;219.564_131.718.json;8_70_rotated;200;250;0.1;0.05
85;153;608;206.821;183.214;0.015;0.007;0.1;0.05;0.673;0.924;206.821_183.214.json;8_70_rotated;200;250;0.2;0.05
85;191;570;144.287;162.426;0.007;0.01;0.057;0.055;0.869;0.866;144.287_162.426.json;8_70_rotated;200;250;0.25;0.05
85;77;684;149.016;153.69;0.011;0.008;0.081;0.052;0.935;0.915;149.016_153.69.json;8_70_rotated;200;300;0.1;0.05
85;153;608;197.846;192.177;0.016;0.009;0.093;0.057;0.621;0.911;197.846_192.177.json;8_70_rotated;200;300;0.2;0.05
85;191;570;203.521;168.846;0.012;0.007;0.085;0.051;0.864;0.872;203.521_168.846.json;8_70_rotated;200;300;0.25;0.05
85;77;684;198.208;202.991;0.023;0.011;0.117;0.06;0.714;0.902;198.208_202.991.json;8_70_rotated;200;450;0.1;0.05
85;153;608;203.851;175.002;0.014;0.01;0.1;0.061;0.843;0.838;203.851_175.002.json;8_70_rotated;200;450;0.2;0.05
85;191;570;280.482;273.67;0.027;0.012;0.126;0.062;0.686;0.841;280.482_273.67.json;8_70_rotated;200;450;0.25;0.05
85;77;684;263.697;265.134;0.03;0.004;0.141;0.042;0.649;0.941;263.697_265.134.json;8_70_rotated;225;30;0.1;0.05
85;153;608;229.11;238.469;0.02;0.005;0.115;0.044;0.536;0.934;229.11_238.469.json;8_70_rotated;225;30;0.2;0.05
85;191;570;151.91;162.441;0.008;0.005;0.065;0.046;0.822;0.93;151.91_162.441.json;8_70_rotated;225;30;0.25;0.05
85;77;684;244.701;186.382;0.021;0.004;0.118;0.043;0.779;0.899;244.701_186.382.json;8_70_rotated;225;100;0.1;0.05
85;153;608;252.552;224.198;0.021;0.005;0.122;0.046;0.575;0.939;252.552_224.198.json;8_70_rotated;225;100;0.2;0.05
85;191;570;202.173;232.921;0.014;0.006;0.094;0.047;0.77;0.893;202.173_232.921.json;8_70_rotated;225;100;0.25;0.05
85;77;684;238.629;230.448;0.024;0.005;0.135;0.043;0.61;0.93;238.629_230.448.json;8_70_rotated;225;150;0.1;0.05
85;153;608;303.637;265.156;0.022;0.005;0.124;0.046;0.791;0.877;303.637_265.156.json;8_70_rotated;225;150;0.2;0.05
85;191;570;182.451;167.918;0.008;0.006;0.069;0.046;0.932;0.887;182.451_167.918.json;8_70_rotated;225;150;0.25;0.05
85;77;684;159.375;157.501;0.013;0.005;0.08;0.047;0.675;0.917;159.375_157.501.json;8_70_rotated;225;200;0.1;0.05
85;153;608;193.044;187.604;0.012;0.007;0.088;0.049;0.739;0.925;193.044_187.604.json;8_70_rotated;225;200;0.2;0.05
85;191;570;206.729;193.252;0.013;0.007;0.094;0.049;0.827;0.918;206.729_193.252.json;8_70_rotated;225;200;0.25;0.05
85;77;684;189.455;168.941;0.013;0.006;0.082;0.047;0.753;0.93;189.455_168.941.json;8_70_rotated;225;250;0.1;0.05
85;153;608;224.19;200.128;0.018;0.007;0.11;0.05;0.693;0.923;224.19_200.128.json;8_70_rotated;225;250;0.2;0.05
85;191;570;210.407;181.65;0.014;0.008;0.095;0.052;0.822;0.912;210.407_181.65.json;8_70_rotated;225;250;0.25;0.05
85;77;684;244.682;203.171;0.027;0.006;0.131;0.048;0.571;0.93;244.682_203.171.json;8_70_rotated;225;300;0.1;0.05
85;153;608;282.118;283.122;0.024;0.009;0.132;0.055;0.595;0.91;282.118_283.122.json;8_70_rotated;225;300;0.2;0.05
85;191;570;339.183;265.668;0.037;0.007;0.171;0.05;0.44;0.919;339.183_265.668.json;8_70_rotated;225;300;0.25;0.05
85;77;684;184.411;190.208;0.02;0.007;0.108;0.049;0.74;0.92;184.411_190.208.json;8_70_rotated;225;450;0.1;0.05
85;153;608;156.449;157.974;0.01;0.009;0.07;0.056;0.784;0.91;156.449_157.974.json;8_70_rotated;225;450;0.2;0.05
85;191;570;298.156;233.287;0.023;0.008;0.129;0.053;0.759;0.899;298.156_233.287.json;8_70_rotated;225;450;0.25;0.05
85;77;684;228.927;231.533;0.018;0.004;0.116;0.042;0.831;0.926;228.927_231.533.json;8_70_rotated;250;30;0.1;0.05
85;153;608;278.193;191.89;0.023;0.004;0.118;0.041;0.778;0.939;278.193_191.89.json;8_70_rotated;250;30;0.2;0.05
85;191;570;177.581;171.416;0.013;0.005;0.084;0.046;0.691;0.93;177.581_171.416.json;8_70_rotated;250;30;0.25;0.05
85;77;684;167.22;128.141;0.01;0.004;0.074;0.042;0.857;0.938;167.22_128.141.json;8_70_rotated;250;100;0.1;0.05
85;153;608;194.336;202.689;0.016;0.005;0.097;0.043;0.66;0.934;194.336_202.689.json;8_70_rotated;250;100;0.2;0.05
85;191;570;179.714;165.577;0.014;0.006;0.092;0.046;0.749;0.93;179.714_165.577.json;8_70_rotated;250;100;0.25;0.05
85;77;684;204.583;211.919;0.014;0.005;0.097;0.045;0.688;0.923;204.583_211.919.json;8_70_rotated;250;150;0.1;0.05
85;153;608;260.472;198.944;0.016;0.006;0.102;0.047;0.863;0.879;260.472_198.944.json;8_70_rotated;250;150;0.2;0.05
85;191;570;192.027;190.696;0.009;0.006;0.079;0.046;0.88;0.927;192.027_190.696.json;8_70_rotated;250;150;0.25;0.05
85;77;684;185.018;171.009;0.015;0.004;0.092;0.043;0.753;0.937;185.018_171.009.json;8_70_rotated;250;200;0.1;0.05
85;153;608;224.765;234.135;0.022;0.007;0.119;0.049;0.477;0.915;224.765_234.135.json;8_70_rotated;250;200;0.2;0.05
85;191;570;257.587;176.566;0.018;0.005;0.111;0.045;0.723;0.941;257.587_176.566.json;8_70_rotated;250;200;0.25;0.05
85;77;684;141.917;145.595;0.01;0.006;0.071;0.048;0.922;0.925;141.917_145.595.json;8_70_rotated;250;250;0.1;0.05
85;153;608;327.347;300.166;0.033;0.007;0.149;0.049;0.451;0.925;327.347_300.166.json;8_70_rotated;250;250;0.2;0.05
85;191;570;203.184;219.783;0.01;0.008;0.082;0.057;0.89;0.845;203.184_219.783.json;8_70_rotated;250;250;0.25;0.05
85;77;684;145.145;147.658;0.012;0.005;0.08;0.047;0.753;0.923;145.145_147.658.json;8_70_rotated;250;300;0.1;0.05
85;153;608;231.6;187.962;0.018;0.008;0.108;0.053;0.693;0.916;231.6_187.962.json;8_70_rotated;250;300;0.2;0.05
85;191;570;207.202;196.368;0.014;0.008;0.094;0.053;0.665;0.908;207.202_196.368.json;8_70_rotated;250;300;0.25;0.05
85;77;684;164.847;163.844;0.016;0.007;0.091;0.05;0.649;0.911;164.847_163.844.json;8_70_rotated;250;450;0.1;0.05
85;153;608;206.011;215.771;0.013;0.01;0.093;0.055;0.908;0.907;206.011_215.771.json;8_70_rotated;250;450;0.2;0.05
85;191;570;197.05;179.612;0.011;0.008;0.08;0.053;0.785;0.919;197.05_179.612.json;8_70_rotated;250;450;0.25;0.05
85;77;684;214.054;213.15;0.019;0.004;0.109;0.041;0.714;0.941;214.054_213.15.json;8_70_rotated;275;30;0.1;0.05
85;153;608;149.115;155.709;0.009;0.004;0.069;0.041;0.83;0.948;149.115_155.709.json;8_70_rotated;275;30;0.2;0.05
85;191;570;179.475;224.255;0.012;0.005;0.091;0.045;0.618;0.933;179.475_224.255.json;8_70_rotated;275;30;0.25;0.05
85;77;684;232.5;188.382;0.022;0.005;0.115;0.043;0.727;0.937;232.5_188.382.json;8_70_rotated;275;100;0.1;0.05
85;153;608;267.053;186.709;0.025;0.004;0.128;0.042;0.595;0.937;267.053_186.709.json;8_70_rotated;275;100;0.2;0.05
85;191;570;198.345;185.848;0.01;0.005;0.08;0.043;0.838;0.914;198.345_185.848.json;8_70_rotated;275;100;0.25;0.05
85;77;684;221.572;192.974;0.025;0.005;0.122;0.045;0.494;0.933;221.572_192.974.json;8_70_rotated;275;150;0.1;0.05
85;153;608;220.437;158.074;0.012;0.005;0.091;0.046;0.856;0.93;220.437_158.074.json;8_70_rotated;275;150;0.2;0.05
85;191;570;223.649;200.796;0.016;0.005;0.103;0.043;0.644;0.938;223.649_200.796.json;8_70_rotated;275;150;0.25;0.05
85;77;684;132.636;144.602;0.009;0.005;0.07;0.044;0.805;0.931;132.636_144.602.json;8_70_rotated;275;200;0.1;0.05
85;153;608;221.662;226.141;0.016;0.006;0.109;0.048;0.667;0.928;221.662_226.141.json;8_70_rotated;275;200;0.2;0.05
85;191;570;219.745;180.917;0.016;0.005;0.102;0.044;0.634;0.933;219.745_180.917.json;8_70_rotated;275;200;0.25;0.05
85;77;684;244.54;237.612;0.029;0.008;0.138;0.051;0.571;0.916;244.54_237.612.json;8_70_rotated;275;250;0.1;0.05
85;153;608;149.894;153.447;0.008;0.006;0.063;0.045;0.895;0.924;149.894_153.447.json;8_70_rotated;275;250;0.2;0.05
85;191;570;164.172;141.247;0.008;0.007;0.065;0.05;0.869;0.914;164.172_141.247.json;8_70_rotated;275;250;0.25;0.05
85;77;684;252.22;191.275;0.02;0.005;0.111;0.046;0.909;0.927;252.22_191.275.json;8_70_rotated;275;300;0.1;0.05
85;153;608;273.628;248.805;0.02;0.008;0.113;0.052;0.804;0.846;273.628_248.805.json;8_70_rotated;275;300;0.2;0.05
85;191;570;198.024;230.752;0.013;0.012;0.088;0.057;0.78;0.877;198.024_230.752.json;8_70_rotated;275;300;0.25;0.05
85;77;684;122.054;145.843;0.008;0.006;0.066;0.048;0.922;0.928;122.054_145.843.json;8_70_rotated;275;450;0.1;0.05
85;153;608;185.872;185.791;0.012;0.009;0.09;0.05;0.797;0.92;185.872_185.791.json;8_70_rotated;275;450;0.2;0.05
85;191;570;170.169;175.084;0.014;0.009;0.08;0.056;0.743;0.934;170.169_175.084.json;8_70_rotated;275;450;0.25;0.05
85;77;684;229.681;218.136;0.02;0.003;0.113;0.039;0.532;0.937;229.681_218.136.json;8_70_rotated;300;30;0.1;0.05
85;153;608;168.638;153.95;0.009;0.004;0.071;0.042;0.863;0.897;168.638_153.95.json;8_70_rotated;300;30;0.2;0.05
85;191;570;201.174;218.253;0.014;0.005;0.093;0.046;0.743;0.927;201.174_218.253.json;8_70_rotated;300;30;0.25;0.05
85;77;684;220.048;201.779;0.021;0.004;0.126;0.041;0.831;0.939;220.048_201.779.json;8_70_rotated;300;100;0.1;0.05
85;153;608;220.573;174.459;0.017;0.005;0.11;0.042;0.608;0.931;220.573_174.459.json;8_70_rotated;300;100;0.2;0.05
85;191;570;233.669;183.809;0.016;0.005;0.108;0.044;0.749;0.93;233.669_183.809.json;8_70_rotated;300;100;0.25;0.05
85;77;684;182.413;262.701;0.013;0.005;0.09;0.043;0.818;0.923;182.413_262.701.json;8_70_rotated;300;150;0.1;0.05
85;153;608;202.033;130.469;0.011;0.005;0.078;0.045;0.725;0.883;202.033_130.469.json;8_70_rotated;300;150;0.2;0.05
85;191;570;237.522;206.466;0.018;0.004;0.109;0.042;0.759;0.941;237.522_206.466.json;8_70_rotated;300;150;0.25;0.05
85;77;684;205.593;260.224;0.015;0.005;0.093;0.044;0.922;0.902;205.593_260.224.json;8_70_rotated;300;200;0.1;0.05
85;153;608;205.406;180.299;0.012;0.005;0.087;0.044;0.824;0.925;205.406_180.299.json;8_70_rotated;300;200;0.2;0.05
85;191;570;191.648;204.511;0.01;0.007;0.08;0.048;0.832;0.923;191.648_204.511.json;8_70_rotated;300;200;0.25;0.05
85;77;684;264.305;225.484;0.03;0.006;0.139;0.046;0.623;0.929;264.305_225.484.json;8_70_rotated;300;250;0.1;0.05
85;153;608;177.005;169.234;0.012;0.004;0.082;0.041;0.771;0.946;177.005_169.234.json;8_70_rotated;300;250;0.2;0.05
85;191;570;186.421;153.833;0.014;0.006;0.087;0.046;0.707;0.925;186.421_153.833.json;8_70_rotated;300;250;0.25;0.05
85;77;684;344.234;230.83;0.04;0.006;0.169;0.048;0.532;0.922;344.234_230.83.json;8_70_rotated;300;300;0.1;0.05
85;153;608;198.5;191.9;0.017;0.006;0.101;0.046;0.732;0.932;198.5_191.9.json;8_70_rotated;300;300;0.2;0.05
85;191;570;196.643;162.561;0.012;0.007;0.082;0.05;0.812;0.907;196.643_162.561.json;8_70_rotated;300;300;0.25;0.05
85;77;684;146.197;160.462;0.009;0.007;0.068;0.05;0.87;0.92;146.197_160.462.json;8_70_rotated;300;450;0.1;0.05
85;153;608;246.256;194.159;0.016;0.009;0.099;0.055;0.765;0.904;246.256_194.159.json;8_70_rotated;300;450;0.2;0.05
85;191;570;169.536;188.201;0.009;0.008;0.068;0.053;0.895;0.87;169.536_188.201.json;8_70_rotated;300;450;0.25;0.05
85;77;684;221.482;189.495;0.025;0.003;0.128;0.037;0.935;0.94;221.482_189.495.json;8_70_rotated;350;30;0.1;0.05
85;153;608;179.602;125.168;0.013;0.003;0.078;0.039;0.837;0.942;179.602_125.168.json;8_70_rotated;350;30;0.2;0.05
85;191;570;211.019;213.93;0.014;0.004;0.092;0.045;0.822;0.935;211.019_213.93.json;8_70_rotated;350;30;0.25;0.05
85;77;684;154.82;168.356;0.012;0.004;0.092;0.04;0.883;0.938;154.82_168.356.json;8_70_rotated;350;100;0.1;0.05
85;153;608;183.213;195.506;0.016;0.004;0.095;0.041;0.536;0.944;183.213_195.506.json;8_70_rotated;350;100;0.2;0.05
85;191;570;244.556;163.091;0.015;0.003;0.101;0.039;0.723;0.933;244.556_163.091.json;8_70_rotated;350;100;0.25;0.05
85;77;684;177.159;143.847;0.013;0.005;0.082;0.043;0.662;0.937;177.159_143.847.json;8_70_rotated;350;150;0.1;0.05
85;153;608;251.115;217.752;0.02;0.005;0.123;0.044;0.856;0.885;251.115_217.752.json;8_70_rotated;350;150;0.2;0.05
85;191;570;210.298;125.674;0.012;0.004;0.086;0.041;0.853;0.936;210.298_125.674.json;8_70_rotated;350;150;0.25;0.05
85;77;684;141.849;140.918;0.011;0.005;0.073;0.043;0.818;0.932;141.849_140.918.json;8_70_rotated;350;200;0.1;0.05
85;153;608;184.057;167.009;0.01;0.005;0.073;0.045;0.908;0.92;184.057_167.009.json;8_70_rotated;350;200;0.2;0.05
85;191;570;156.543;180.852;0.01;0.005;0.079;0.043;0.832;0.938;156.543_180.852.json;8_70_rotated;350;200;0.25;0.05
85;77;684;210.942;251.92;0.02;0.005;0.117;0.045;0.558;0.931;210.942_251.92.json;8_70_rotated;350;250;0.1;0.05
85;153;608;180.362;163.0;0.013;0.005;0.087;0.044;0.771;0.933;180.362_163.0.json;8_70_rotated;350;250;0.2;0.05
85;191;570;258.651;229.475;0.024;0.006;0.132;0.048;0.529;0.932;258.651_229.475.json;8_70_rotated;350;250;0.25;0.05
85;77;684;234.938;272.446;0.019;0.005;0.115;0.045;0.896;0.926;234.938_272.446.json;8_70_rotated;350;300;0.1;0.05
85;153;608;138.984;130.655;0.009;0.006;0.068;0.047;0.843;0.935;138.984_130.655.json;8_70_rotated;350;300;0.2;0.05
85;191;570;228.386;155.59;0.015;0.006;0.096;0.049;0.885;0.916;228.386_155.59.json;8_70_rotated;350;300;0.25;0.05
85;77;684;197.756;182.868;0.015;0.006;0.091;0.047;0.74;0.927;197.756_182.868.json;8_70_rotated;350;450;0.1;0.05
85;153;608;210.847;168.795;0.014;0.005;0.095;0.045;0.824;0.914;210.847_168.795.json;8_70_rotated;350;450;0.2;0.05
85;191;570;241.501;221.861;0.017;0.009;0.11;0.054;0.77;0.906;241.501_221.861.json;8_70_rotated;350;450;0.25;0.05
85;77;684;223.74;201.771;0.02;0.003;0.112;0.038;0.532;0.941;223.74_201.771.json;8_70_rotated;500;30;0.1;0.05
85;153;608;189.837;216.183;0.013;0.003;0.093;0.039;0.634;0.932;189.837_216.183.json;8_70_rotated;500;30;0.2;0.05
85;191;570;221.519;184.151;0.015;0.004;0.097;0.044;0.754;0.938;221.519_184.151.json;8_70_rotated;500;30;0.25;0.05
85;77;684;225.856;195.859;0.018;0.003;0.105;0.037;0.818;0.949;225.856_195.859.json;8_70_rotated;500;100;0.1;0.05
85;153;608;190.847;123.349;0.011;0.003;0.082;0.037;0.856;0.944;190.847_123.349.json;8_70_rotated;500;100;0.2;0.05
85;191;570;175.552;180.472;0.015;0.004;0.09;0.038;0.707;0.938;175.552_180.472.json;8_70_rotated;500;100;0.25;0.05
85;77;684;134.764;232.49;0.012;0.004;0.077;0.041;0.701;0.925;134.764_232.49.json;8_70_rotated;500;150;0.1;0.05
85;153;608;224.947;174.711;0.018;0.004;0.107;0.04;0.582;0.938;224.947_174.711.json;8_70_rotated;500;150;0.2;0.05
85;191;570;144.731;211.576;0.008;0.005;0.069;0.042;0.832;0.941;144.731_211.576.json;8_70_rotated;500;150;0.25;0.05
85;77;684;187.572;153.019;0.017;0.005;0.101;0.042;0.727;0.937;187.572_153.019.json;8_70_rotated;500;200;0.1;0.05
85;153;608;263.339;254.494;0.019;0.004;0.116;0.04;0.725;0.933;263.339_254.494.json;8_70_rotated;500;200;0.2;0.05
85;191;570;182.28;153.74;0.012;0.005;0.078;0.043;0.607;0.925;182.28_153.74.json;8_70_rotated;500;200;0.25;0.05
85;77;684;234.935;196.985;0.015;0.004;0.1;0.041;0.714;0.896;234.935_196.985.json;8_70_rotated;500;250;0.1;0.05
85;153;608;209.603;155.013;0.016;0.005;0.102;0.042;0.752;0.932;209.603_155.013.json;8_70_rotated;500;250;0.2;0.05
85;191;570;135.687;139.81;0.006;0.005;0.056;0.043;0.921;0.939;135.687_139.81.json;8_70_rotated;500;250;0.25;0.05
85;77;684;254.935;258.395;0.02;0.005;0.118;0.045;0.818;0.883;254.935_258.395.json;8_70_rotated;500;300;0.1;0.05
85;153;608;196.559;175.0;0.012;0.005;0.09;0.044;0.765;0.929;196.559_175.0.json;8_70_rotated;500;300;0.2;0.05
85;191;570;228.198;208.379;0.016;0.006;0.099;0.047;0.806;0.889;228.198_208.379.json;8_70_rotated;500;300;0.25;0.05
85;77;684;149.267;146.922;0.009;0.005;0.071;0.044;0.857;0.927;149.267_146.922.json;8_70_rotated;500;450;0.1;0.05
85;153;608;246.799;305.182;0.018;0.006;0.117;0.048;0.876;0.879;246.799_305.182.json;8_70_rotated;500;450;0.2;0.05
85;191;570;172.425;200.207;0.012;0.006;0.082;0.047;0.66;0.927;172.425_200.207.json;8_70_rotated;500;450;0.25;0.05
85;77;684;266.294;329.095;0.021;0.006;0.12;0.05;0.896;0.882;266.294_329.095.json;8_70_rotated;200;150;0.1;0.05
85;77;684;270.522;338.833;0.022;0.006;0.122;0.05;0.909;0.882;270.522_338.833.json;8_70_rotated;200;150;0.1;0.05
85;77;684;265.177;328.206;0.021;0.006;0.12;0.05;0.896;0.882;265.177_328.206.json;8_70_rotated;200;150;0.1;0.05
85;77;684;270.522;338.833;0.022;0.006;0.122;0.05;0.909;0.882;270.522_338.833.json;8_70_rotated;200;150;0.1;0.05
85;191;570;155.128;144.549;0.007;0.009;0.057;0.055;0.916;0.851;155.128_144.549.json;8_70_rotated;250;350;0.25;0.05
85;191;570;155.128;144.549;0.007;0.009;0.057;0.055;0.916;0.851;155.128_144.549.json;8_70_rotated;250;350;0.25;0.05
85;191;570;135.189;139.11;0.005;0.006;0.05;0.048;0.932;0.873;135.189_139.11.json;8_70_rotated;350;250;0.25;0.05
100;152;454;116.382;115.282;0.006;0.004;0.058;0.037;0.868;0.89;116.382_115.282.json;8_80_rotated;350;250;0.25;0.05
100;152;454;134.265;131.914;0.008;0.004;0.068;0.037;0.868;0.891;134.265_131.914.json;8_80_rotated;350;250;0.25;0.05
85;191;570;135.694;133.231;0.005;0.006;0.049;0.048;0.932;0.873;135.694_133.231.json;8_70_rotated;350;250;0.25;0.05
85;191;570;147.581;151.701;0.006;0.005;0.055;0.046;0.948;0.884;147.581_151.701.json;8_70_rotated;350;250;0.25;0.05
85;191;570;150.942;139.309;0.006;0.005;0.055;0.044;0.921;0.887;150.942_139.309.json;8_70_rotated;350;250;0.25;0.05
85;191;570;145.289;149.865;0.005;0.005;0.054;0.046;0.942;0.884;145.289_149.865.json;8_70_rotated;350;250;0.25;0.05;euclidean
85;191;570;133.665;130.396;0.005;0.006;0.049;0.048;0.932;0.873;133.665_130.396.json;8_70_rotated;350;250;0.25;0.05
####euclidean loss
80;199;595;253.404;194.465;0.01619;0.00472;0.09762;0.04653;0.69347;0.89807;253.404_194.465.json;8_70_rotated;250;30;0.25;0.05;euclidean
85;191;570;239.872;199.083;0.01584;0.00505;0.10228;0.04765;0.65445;0.92355;239.872_199.083.json;8_70_rotated;250;30;0.25;0.05;euclidean
90;178;533;188.518;176.003;0.00921;0.00289;0.07984;0.03669;0.88764;0.90266;188.518_176.003.json;8_70_rotated;250;30;0.25;0.05;euclidean
80;199;595;239.995;234.871;0.02155;0.00455;0.12422;0.04707;0.49246;0.91685;239.995_234.871.json;8_80_rotated;250;30;0.25;0.05;euclidean
85;191;570;156.342;109.699;0.01263;0.0042;0.08088;0.04341;0.7801;0.88119;156.342_109.699.json;8_80_rotated;250;30;0.25;0.05;euclidean
90;178;533;233.843;200.33;0.01729;0.00261;0.11521;0.03536;0.66292;0.87865;233.843_200.33.json;8_80_rotated;250;30;0.25;0.05;euclidean
80;199;595;396.706;194.996;0.03232;0.00536;0.14894;0.04744;0.72362;0.9323;396.706_194.996.json;8_70_rotated;250;150;0.25;0.05;euclidean
85;191;570;225.44;223.106;0.01463;0.00634;0.09765;0.04843;0.75393;0.91792;225.44_223.106.json;8_70_rotated;250;150;0.25;0.05;euclidean
90;178;533;192.497;203.187;0.01178;0.00499;0.08413;0.04317;0.79213;0.93268;192.497_203.187.json;8_70_rotated;250;150;0.25;0.05;euclidean
80;199;595;224.219;146.106;0.01563;0.00734;0.10197;0.05638;0.74372;0.86476;224.219_146.106.json;8_80_rotated;250;150;0.25;0.05;euclidean
85;191;570;194.701;195.091;0.01291;0.00597;0.08497;0.04605;0.82199;0.88368;194.701_195.091.json;8_80_rotated;250;150;0.25;0.05;euclidean
90;178;533;227.802;277.76;0.02351;0.00471;0.13543;0.04314;0.65169;0.87326;227.802_277.76.json;8_80_rotated;250;150;0.25;0.05;euclidean
80;199;595;220.193;178.854;0.0173;0.00633;0.09933;0.05065;0.61809;0.92182;220.193_178.854.json;8_70_rotated;250;250;0.25;0.05;euclidean
85;191;570;241.545;246.432;0.01558;0.00725;0.11067;0.05176;0.83246;0.8794;241.545_246.432.json;8_70_rotated;250;250;0.25;0.05;euclidean
90;178;533;219.834;171.818;0.01495;0.00963;0.09892;0.06027;0.76404;0.88018;219.834_171.818.json;8_70_rotated;250;250;0.25;0.05;euclidean
80;199;595;370.365;234.247;0.0496;0.0085;0.19984;0.06057;0.56784;0.89192;370.365_234.247.json;8_80_rotated;250;250;0.25;0.05;euclidean
85;191;570;227.305;214.327;0.01844;0.00682;0.1154;0.04995;0.58639;0.86966;227.305_214.327.json;8_80_rotated;250;250;0.25;0.05;euclidean
90;178;533;175.291;162.206;0.01565;0.00843;0.10044;0.05724;0.82584;0.80591;175.291_162.206.json;8_80_rotated;250;250;0.25;0.05;euclidean
80;199;595;195.242;206.984;0.01255;0.00831;0.08306;0.05561;0.83417;0.87491;195.242_206.984.json;8_70_rotated;250;450;0.25;0.05;euclidean
85;191;570;169.169;142.169;0.00992;0.00743;0.07696;0.0531;0.8377;0.90708;169.169_142.169.json;8_70_rotated;250;450;0.25;0.05;euclidean
90;178;533;186.595;243.563;0.01232;0.00696;0.09014;0.04739;0.58989;0.93378;186.595_243.563.json;8_70_rotated;250;450;0.25;0.05;euclidean
80;199;595;183.238;185.234;0.01614;0.00842;0.0977;0.06137;0.65829;0.84957;183.238_185.234.json;8_80_rotated;250;450;0.25;0.05;euclidean
85;191;570;135.221;160.322;0.00922;0.01264;0.06757;0.05664;0.75393;0.86285;135.221_160.322.json;8_80_rotated;250;450;0.25;0.05;euclidean
90;178;533;235.019;281.331;0.02108;0.00618;0.12941;0.04741;0.51124;0.89842;235.019_281.331.json;8_80_rotated;250;450;0.25;0.05;euclidean
80;199;595;212.758;134.142;0.01506;0.00377;0.0921;0.04146;0.82915;0.94165;212.758_134.142.json;8_70_rotated;350;30;0.25;0.05;euclidean
85;191;570;190.89;172.68;0.01281;0.00368;0.08387;0.04119;0.88482;0.942;190.89_172.68.json;8_70_rotated;350;30;0.25;0.05;euclidean
90;178;533;214.961;147.063;0.01396;0.00276;0.08454;0.03527;0.80899;0.94561;214.961_147.063.json;8_70_rotated;350;30;0.25;0.05;euclidean
80;199;595;296.362;263.077;0.03521;0.00428;0.1474;0.04443;0.65327;0.88199;296.362_263.077.json;8_80_rotated;350;30;0.25;0.05;euclidean
85;191;570;187.242;159.829;0.01196;0.00412;0.08616;0.04307;0.83246;0.88257;187.242_159.829.json;8_80_rotated;350;30;0.25;0.05;euclidean
90;178;533;161.049;143.752;0.0095;0.00279;0.07403;0.03534;0.74157;0.92496;161.049_143.752.json;8_80_rotated;350;30;0.25;0.05;euclidean
80;199;595;165.737;186.517;0.01146;0.0052;0.07605;0.04614;0.81407;0.92575;165.737_186.517.json;8_70_rotated;350;150;0.25;0.05;euclidean
85;191;570;264.796;217.121;0.02392;0.00471;0.12778;0.04265;0.40314;0.93372;264.796_217.121.json;8_70_rotated;350;150;0.25;0.05;euclidean
90;178;533;171.434;189.653;0.00933;0.00392;0.07541;0.03919;0.72472;0.95491;171.434_189.653.json;8_70_rotated;350;150;0.25;0.05;euclidean
80;199;595;180.369;113.68;0.01396;0.00631;0.09015;0.05108;0.83417;0.8772;180.369_113.68.json;8_80_rotated;350;150;0.25;0.05;euclidean
85;191;570;117.429;144.572;0.00739;0.00468;0.06032;0.0421;0.7801;0.90386;117.429_144.572.json;8_80_rotated;350;150;0.25;0.05;euclidean
90;178;533;206.087;188.407;0.01364;0.00338;0.09744;0.03785;0.64607;0.92091;206.087_188.407.json;8_80_rotated;350;150;0.25;0.05;euclidean
80;199;595;219.109;216.04;0.01188;0.00661;0.0897;0.05052;0.86432;0.88901;219.109_216.04.json;8_70_rotated;350;250;0.25;0.05;euclidean
85;191;570;165.191;135.003;0.00959;0.00551;0.07561;0.04553;0.88482;0.9305;165.191_135.003.json;8_70_rotated;350;250;0.25;0.05;euclidean
90;178;533;180.936;208.658;0.01197;0.00576;0.08656;0.05006;0.66854;0.932;180.936_208.658.json;8_70_rotated;350;250;0.25;0.05;euclidean
80;199;595;277.651;255.916;0.02697;0.00708;0.13299;0.05666;0.65829;0.82866;277.651_255.916.json;8_80_rotated;350;250;0.25;0.05;euclidean
85;191;570;182.816;186.257;0.0108;0.00526;0.08223;0.04613;0.81152;0.90938;182.816_186.257.json;8_80_rotated;350;250;0.25;0.05;euclidean
90;178;533;253.515;235.69;0.02987;0.00514;0.14207;0.04799;0.53371;0.87091;253.515_235.69.json;8_80_rotated;350;250;0.25;0.05;euclidean
80;199;595;250.756;264.562;0.0252;0.00703;0.12211;0.05063;0.43719;0.92369;250.756_264.562.json;8_70_rotated;350;450;0.25;0.05;euclidean
85;191;570;222.963;224.176;0.01282;0.0062;0.09536;0.04904;0.90576;0.89776;222.963_224.176.json;8_70_rotated;350;450;0.25;0.05;euclidean
90;178;533;207.021;140.176;0.01234;0.00704;0.0838;0.05016;0.82584;0.93593;207.021_140.176.json;8_70_rotated;350;450;0.25;0.05;euclidean
80;199;595;225.193;128.736;0.02677;0.00685;0.12703;0.05501;0.75879;0.85856;225.193_128.736.json;8_80_rotated;350;450;0.25;0.05;euclidean
85;191;570;137.067;137.932;0.00796;0.007;0.06109;0.04949;0.82723;0.89494;137.067_137.932.json;8_80_rotated;350;450;0.25;0.05;euclidean
90;178;533;219.454;167.35;0.01542;0.00681;0.10082;0.0456;0.6573;0.82441;219.454_167.35.json;8_80_rotated;350;450;0.25;0.05;euclidean
80;199;595;264.854;214.435;0.02318;0.00375;0.12889;0.04037;0.66834;0.93138;264.854_214.435.json;8_70_rotated;500;30;0.25;0.05;euclidean
85;191;570;206.216;233.754;0.01648;0.00391;0.09938;0.04178;0.65969;0.94147;206.216_233.754.json;8_70_rotated;500;30;0.25;0.05;euclidean
90;178;533;184.471;185.098;0.0085;0.00257;0.07312;0.03489;0.86517;0.91685;184.471_185.098.json;8_70_rotated;500;30;0.25;0.05;euclidean
80;199;595;190.334;115.89;0.01389;0.00337;0.08902;0.04002;0.78894;0.89995;190.334_115.89.json;8_80_rotated;500;30;0.25;0.05;euclidean
85;191;570;203.529;183.405;0.01851;0.00375;0.11148;0.04126;0.58639;0.88383;203.529_183.405.json;8_80_rotated;500;30;0.25;0.05;euclidean
90;178;533;191.801;167.205;0.01275;0.00204;0.09439;0.03115;0.64607;0.92552;191.801_167.205.json;8_80_rotated;500;30;0.25;0.05;euclidean
80;199;595;231.996;147.13;0.01576;0.00414;0.10329;0.04129;0.72362;0.94692;231.996_147.13.json;8_70_rotated;500;150;0.25;0.05;euclidean
85;191;570;194.155;195.136;0.01298;0.0035;0.08679;0.03742;0.64921;0.94546;194.155_195.136.json;8_70_rotated;500;150;0.25;0.05;euclidean
90;178;533;239.003;218.754;0.01368;0.00405;0.10132;0.04003;0.86517;0.90994;239.003_218.754.json;8_70_rotated;500;150;0.25;0.05;euclidean
80;199;595;162.668;163.364;0.01005;0.00547;0.08071;0.05003;0.90955;0.84573;162.668_163.364.json;8_80_rotated;500;150;0.25;0.05;euclidean
85;191;570;185.861;211.608;0.01518;0.00413;0.09315;0.04085;0.68063;0.88404;185.861_211.608.json;8_80_rotated;500;150;0.25;0.05;euclidean
90;178;533;195.397;239.833;0.01607;0.00378;0.10513;0.03802;0.75843;0.87927;195.397_239.833.json;8_80_rotated;500;150;0.25;0.05;euclidean
80;199;595;230.755;216.385;0.01622;0.00483;0.10195;0.04491;0.60804;0.92252;230.755_216.385.json;8_70_rotated;500;250;0.25;0.05;euclidean
85;191;570;167.726;208.395;0.00919;0.00585;0.07481;0.04698;0.85864;0.90248;167.726_208.395.json;8_70_rotated;500;250;0.25;0.05;euclidean
90;178;533;175.828;190.042;0.00859;0.00456;0.07342;0.04634;0.83708;0.92983;175.828_190.042.json;8_70_rotated;500;250;0.25;0.05;euclidean
80;199;595;303.761;262.243;0.04591;0.00575;0.1811;0.05099;0.75377;0.84962;303.761_262.243.json;8_80_rotated;500;250;0.25;0.05;euclidean
85;191;570;164.934;196.611;0.00976;0.00459;0.07553;0.04257;0.70157;0.91249;164.934_196.611.json;8_80_rotated;500;250;0.25;0.05;euclidean
90;178;533;141.626;184.539;0.00788;0.00525;0.07264;0.04727;0.80899;0.85975;141.626_184.539.json;8_80_rotated;500;250;0.25;0.05;euclidean
80;199;595;244.58;198.155;0.0178;0.00665;0.10968;0.04921;0.77889;0.92943;244.58_198.155.json;8_70_rotated;500;450;0.25;0.05;euclidean
85;191;570;169.268;156.859;0.00971;0.00519;0.0744;0.04437;0.87435;0.92756;169.268_156.859.json;8_70_rotated;500;450;0.25;0.05;euclidean
90;178;533;295.346;246.489;0.02313;0.0046;0.12799;0.04211;0.78652;0.93266;295.346_246.489.json;8_70_rotated;500;450;0.25;0.05;euclidean
80;199;595;246.61;239.051;0.03145;0.00793;0.14991;0.05624;0.47236;0.86668;246.61_239.051.json;8_80_rotated;500;450;0.25;0.05;euclidean
85;191;570;267.452;217.788;0.02693;0.00519;0.13278;0.04526;0.77487;0.8801;267.452_217.788.json;8_80_rotated;500;450;0.25;0.05;euclidean
90;178;533;237.998;215.268;0.01562;0.00523;0.1052;0.0446;0.64607;0.85898;237.998_215.268.json;8_80_rotated;500;450;0.25;0.05;euclidean
85;191;570;150.598;156.68;0.00566;0.00505;0.05637;0.0459;0.94241;0.88383;150.598_156.68.json;8_70_rotated;350;250;0.25;0.05;euclidean
85;191;570;145.289;149.865;0.005;0.005;0.054;0.046;0.942;0.884;145.289_149.865.json;8_70_rotated;350;250;0.25;0.05;euclidean
85;191;570;147.74;152.417;0.00551;0.00504;0.05493;0.04587;0.94241;0.88397;147.74_152.417.json;8_70_rotated;350;250;0.25;0.05;euclidean
85;191;570;165.191;135.003;0.00959;0.00551;0.07561;0.04553;0.88482;0.9305;165.191_135.003.json;8_70_rotated;350;250;0.25;0.05;euclidean
85;191;570;146.95;151.372;0.00544;0.00505;0.05479;0.0459;0.94764;0.88404;146.95_151.372.json;8_70_rotated;350;250;0.25;0.05;euclidean
85;191;570;143.045;148.555;0.0053;0.00505;0.05327;0.0459;0.94764;0.88419;143.045_148.555.json;8_70_rotated;350;250;0.25;0.05;euclidean
90;178;533;217.627;204.598;0.01372;0.00285;0.08781;0.03588;0.8427;0.88286;217.627_204.598.json;8_80_rotated;350;30;0.25;0.05;euclidean
90;178;533;217.627;204.598;0.01372;0.00285;0.08781;0.03588;0.8427;0.88286;217.627_204.598.json;8_80_rotated;350;30;0.25;0.05;euclidean
85;191;570;145.289;149.865;0.00541;0.00505;0.05396;0.04591;0.94241;0.88395;145.289_149.865.json;8_70_rotated;350;250;0.25;0.05;euclidean
85;191;570;134.878;97.692;0.00604;0.00453;0.04976;0.04366;0.93717;0.88798;134.878_97.692.json;8_70_rotated;450;250;0.25;0.05;euclidean
85;191;570;153.377;176.86;0.00581;0.0052;0.05697;0.04647;0.9267;0.8827;153.377_176.86.json;8_70_rotated;325;250;0.25;0.05;euclidean
85;191;570;166.163;175.827;0.00658;0.00498;0.06374;0.04561;0.93717;0.88439;166.163_175.827.json;8_70_rotated;360;250;0.25;0.05;euclidean
85;191;570;146.019;149.7;0.00544;0.00504;0.05429;0.04586;0.94241;0.88411;146.019_149.7.json;8_70_rotated;350;250;0.25;0.05;euclidean
75;206;615;304.512;138.856;0.02384;0.00721;0.11744;0.05369;0.79126;0.91582;304.512_138.856.json;8_70_rotated;350;250;0.25;0.05;euclidean
75;206;615;310.316;151.737;0.0235;0.00752;0.11874;0.05419;0.78641;0.90747;310.316_151.737.json;8_70_rotated;350;250;0.25;0.05;1
75;206;615;301.189;137.557;0.02345;0.00721;0.1164;0.05369;0.80097;0.91586;301.189_137.557.json;8_70_rotated;350;250;0.25;0.05;euclidean
85;191;570;144.487;149.872;0.00539;0.00504;0.05379;0.04589;0.94764;0.884;144.487_149.872.json;8_70_rotated;350;250;0.25;0.05;euclidean
75;206;615;354.88;203.716;0.02961;0.0072;0.13388;0.0539;0.54369;0.91259;354.88_203.716.json;8_60_rotated;350;250;0.25;0.05;euclidean
75;206;615;199.545;199.84;0.01474;0.00716;0.08726;0.05271;0.74272;0.91158;199.545_199.84.json;8_70_rotated;350;250;0.25;0.05;euclidean
85;191;570;230.026;171.016;0.00868;0.00435;0.07695;0.04285;0.89529;0.91124;230.026_171.016.json;8_60_rotated;350;250;0.25;0.05;euclidean
85;191;570;228.67;251.044;0.01569;0.00609;0.10977;0.04892;0.76963;0.88784;228.67_251.044.json;8_70_rotated;350;250;0.25;0.05;euclidean
85;191;570;147.016;152.858;0.00546;0.00505;0.05472;0.04591;0.94764;0.88397;147.016_152.858.json;8_70_rotated;350;250;0.25;0.05;euclidean
85;191;570;228.088;170.377;0.00855;0.00435;0.0767;0.04285;0.89529;0.91124;228.088_170.377.json;8_60_rotated;350;250;0.25;0.05;euclidean
85;191;570;228.67;251.044;0.01569;0.00609;0.10977;0.04892;0.76963;0.88784;228.67_251.044.json;8_70_rotated;350;250;0.25;0.05;euclidean
85;191;570;148.31;154.501;0.00552;0.00505;0.05538;0.0459;0.94764;0.88396;148.31_154.501.json;8_70_rotated;350;250;0.25;0.05;euclidean
85;191;570;160.187;157.416;0.00614;0.00503;0.05994;0.04576;0.93194;0.88691;160.187_157.416.json;8_70_rotated;350;250;0.25;0.05;euclidean
85;191;570;160.187;157.416;0.00614;0.00503;0.05994;0.04576;0.93194;0.88691;160.187_157.416.json;8_70_rotated;350;250;0.25;0.05;euclidean
85;191;570;147.402;153.916;0.00551;0.00505;0.05513;0.04588;0.94241;0.88407;147.402_153.916.json;8_70_rotated;350;250;0.25;0.05;euclidean
85;77;684;290.596;345.548;0.0251;0.00506;0.1322;0.04489;0.90909;0.88981;290.596_345.548.json;8_70_rotated;350;250;0.1;0.1;euclidean
85;191;570;161.01;174.327;0.00663;0.00597;0.05987;0.05155;0.93717;0.86863;161.01_174.327.json;8_70_rotated;350;250;0.25;0.1;euclidean
85;191;570;155.238;170.095;0.00632;0.00566;0.0573;0.05024;0.92147;0.87135;155.238_170.095.json;8_70_rotated;400;250;0.25;0.1;euclidean
85;191;570;150.613;151.048;0.00589;0.00488;0.05572;0.04685;0.9267;0.87683;150.613_151.048.json;8_70_rotated;600;250;0.25;0.1;euclidean
85;191;570;151.739;144.751;0.00584;0.00474;0.05579;0.04631;0.93717;0.87884;151.739_144.751.json;8_70_rotated;650;250;0.25;0.1;euclidean
85;153;608;197.501;190.228;0.00954;0.00427;0.07766;0.04195;0.84314;0.89228;197.501_190.228.json;8_70_rotated;650;250;0.2;0.1;euclidean
85;191;570;148.31;154.501;0.00552;0.00505;0.05538;0.0459;0.94764;0.88396;148.31_154.501.json;8_70_rotated;350;250;0.25;0.05;euclidean
85;191;570;185.756;198.896;0.00784;0.00491;0.07114;0.04526;0.93194;0.88515;185.756_198.896.json;8_70_rotated;370;250;0.25;0.05;euclidean
85;191;570;154.502;155.302;0.00664;0.00503;0.05859;0.04582;0.93194;0.88415;154.502_155.302.json;8_70_rotated;351;250;0.25;0.05;euclidean
85;191;570;144.01;147.996;0.005037;0.00505;0.05354;0.0459;0.94764;0.88418;144.01_147.996.json;8_70_rotated;350;250;0.25;0.05;euclidean
85;191;570;146.95;151.372;0.00544;0.00505;0.05479;0.0459;0.94764;0.88404;146.95_151.372.json;8_70_rotated;350;250;0.25;0.05;euclidean